question,answer,text
,"120,000 euros"," 120,000 euros"
,Jóhanna Sigurðardóttir, Jóhanna Sigurðardóttir
,Hasnain Masoodi, Hasnain Masoodi
,2023, 2023
,The Coast Guard, The Coast Guard
,Lucy in the Field with Flowers, Lucy in the Field with Flowers
,KVOS-TV, KVOS-TV
,tramp steamer (or collier), tramp steamer (or collier)
,150 (acceptable range: anything between 148 and 152), 150 (acceptable range: anything between 148 and 152)
,"Oct 23, 2018"," Oct 23, 2018"
,June 2019, June 2019
,Akiko Kumahira, Akiko Kumahira
,Gvulot., Gvulot.
,"June 24, 1896"," June 24, 1896"
,"July 24, 1995"," July 24, 1995"
,33.7738 (acceptable range: anything between 33.7586 and 33.8022), 33.7738 (acceptable range: anything between 33.7586 and 33.8022)
,Norberto Raffo, Norberto Raffo
,Marjorie and James Sanger Center for the Sciences., Marjorie and James Sanger Center for the Sciences.
,Frank Jacobsson, Frank Jacobsson
,15th place, 15th place
,"Kelton ""LDB"" Kessee"," Kelton ""LDB"" Kessee"
,390 metres (acceptable range: anything between 386 and 394 metres), 390 metres (acceptable range: anything between 386 and 394 metres)
,168 acres (acceptable range: anything between 166 and 170 acres), 168 acres (acceptable range: anything between 166 and 170 acres)
,102510, 102510
,Nainital district, Nainital district
,Starr Andrews, Starr Andrews
," Fried, Frank, Harris, Shriver & Jacobson","  Fried, Frank, Harris, Shriver & Jacobson"
,172 (acceptable range: anything between 170 and 174), 172 (acceptable range: anything between 170 and 174)
,"10,990,502 (acceptable range: anything between 10,440,976 and 11,540,028)"," 10,990,502 (acceptable range: anything between 10,440,976 and 11,540,028)"
,"June 28, 2020"," June 28, 2020"
,211 (acceptable range: anything between 208 and 214), 211 (acceptable range: anything between 208 and 214)
,Mahmud Hasan Deobandi., Mahmud Hasan Deobandi.
,563, 563
,3, 3
,George Frideric Handel, George Frideric Handel
,Soreng, Soreng
,3, 3
,boko boko, boko boko
,15, 15
,Eugene Schuyler, Eugene Schuyler
,Bronze Prize, Bronze Prize
,Eagle, Eagle
,Berlin Zoological Gardens, Berlin Zoological Gardens
,370 (acceptable range: anything between 366 and 374), 370 (acceptable range: anything between 366 and 374)
,2013, 2013
,1949, 1949
,Farshad Mahdavinejad, Farshad Mahdavinejad
,Infinite Crisis #1, Infinite Crisis #1
,KTVU, KTVU
,Assistant, Assistant
,Sir Abraham Dawes, Sir Abraham Dawes
,"10 February, 1135"," 10 February, 1135"
,The New Face Prize, The New Face Prize
,Kanaloa, Kanaloa
,"""Stronger"" by Britney Spears"," ""Stronger"" by Britney Spears"
,3437 Kapitsa, 3437 Kapitsa
,Satpura Range, Satpura Range
,Makena, Makena
,Belgian, Belgian
,25, 25
,Andrea Borella, Andrea Borella
,775 (acceptable range: anything between 767 and 783), 775 (acceptable range: anything between 767 and 783)
,2021, 2021
,14, 14
,Paris, Paris
,Exercising Machine, Exercising Machine
,Eat Me, Eat Me
,Iceland, Iceland
,The right arm, The right arm
,Tenor trombone and piano, Tenor trombone and piano
,University of Massachusetts Amherst, University of Massachusetts Amherst
,Deidre Lang, Deidre Lang
,Pacific Ocean, Pacific Ocean
,Islington, Islington
,Oliver Purnell, Oliver Purnell
,Carlo Balboni, Carlo Balboni
,Baron Vadim Nikolayevich von Root, Baron Vadim Nikolayevich von Root
,10, 10
,Mask, Mask
,J. L. Ruiz Basadre, J. L. Ruiz Basadre
,A.M. Donnelly., A.M. Donnelly.
,Pirro Ligorio, Pirro Ligorio
,Travis Barker, Travis Barker
,30 years., 30 years.
,The Catapult, The Catapult
,1967, 1967
,1975, 1975
,National Snaffle Bit Association, National Snaffle Bit Association
,Lhotskya acutifolia, Lhotskya acutifolia
,March 2001, March 2001
,1933, 1933
,Tawia Adamafio, Tawia Adamafio
,the first digits, the first digits
,Vicenza., Vicenza.
,University of Georgia and University of Alabama, University of Georgia and University of Alabama
,Nuwakot, Nuwakot
,22 January 1988, 22 January 1988
,North, North
,Kazakh Soviet Socialist Republic, Kazakh Soviet Socialist Republic
,10 (acceptable range: anything between 9 and 11 degrees Fahrenheit), 10 (acceptable range: anything between 9 and 11 degrees Fahrenheit)
,Phantom Tracks, Phantom Tracks
,Karen Fobbs, Karen Fobbs
,Hokkaido University, Hokkaido University
,1837 to 1839, 1837 to 1839
,Népszava, Népszava
,Edme-Sébastien Jeaurat, Edme-Sébastien Jeaurat
,EPOCHTODATE, EPOCHTODATE
,"May 29, 2012"," May 29, 2012"
,1142 feet (acceptable range: anything between 1130 and 1154 feet), 1142 feet (acceptable range: anything between 1130 and 1154 feet)
,Lydia Canaan, Lydia Canaan
,7, 7
,Nepal Open University, Nepal Open University
,"October, 2015"," October, 2015"
,Moosetape, Moosetape
,Soweto Gospel Choir, Soweto Gospel Choir
,1984, 1984
,Emilio Alvaro Bonnecarrere, Emilio Alvaro Bonnecarrere
,Guy Montgomery, Guy Montgomery
,8000 (acceptable range: anything between 7920 and 8080), 8000 (acceptable range: anything between 7920 and 8080)
,23-27, 23-27
,Silver, Silver
,North Carolina School of the Arts, North Carolina School of the Arts
,Capel, Capel
,"June 5, 1944"," June 5, 1944"
,Alfred Lamontagne, Alfred Lamontagne
,14 October 1990., 14 October 1990.
,17 November 1967, 17 November 1967
,An experimental study of certain basic amino acids, An experimental study of certain basic amino acids
,Jeff Crowe, Jeff Crowe
,Ehud Hrushovski, Ehud Hrushovski
,"November 30, 1949"," November 30, 1949"
,2908, 2908
,"1 February 1895, Stockholm, by Louis Zettersten and Pehr Ehnemark"," 1 February 1895, Stockholm, by Louis Zettersten and Pehr Ehnemark"
,"Avon River, Enchanter, and HMS Royal Scotsman"," Avon River, Enchanter, and HMS Royal Scotsman"
,Islamia College of Science and Commerce, Islamia College of Science and Commerce
,"October 3, 1247"," October 3, 1247"
,Make Some Noise, Make Some Noise
,Saros 109, Saros 109
,January 1960, January 1960
,"$3,000 bond"," $3,000 bond"
,29 November 2004, 29 November 2004
,"November 28th, 1968"," November 28th, 1968"
,1964, 1964
,New Guinea, New Guinea
,17 December 2015, 17 December 2015
,"Four - Green, Red, Black, Orange."," Four - Green, Red, Black, Orange."
,segment producer, segment producer
,moistcr1tikal, moistcr1tikal
,Gladys A. Emerson, Gladys A. Emerson
,Rolle, Rolle
,"8,282 (acceptable range: anything between 8199 and 8365)"," 8,282 (acceptable range: anything between 8199 and 8365)"
,Justice K. G. Balakrishnan, Justice K. G. Balakrishnan
,January 1956, January 1956
,Calgary, Calgary
,1866, 1866
,"July 20, 1937"," July 20, 1937"
,65daysofstatic, 65daysofstatic
,Duke University, Duke University
,2000, 2000
,Chignahuapan, Chignahuapan
,equilux, equilux
,Eintracht Frankfurt, Eintracht Frankfurt
,Garden of the Villa Montalto, Garden of the Villa Montalto
,5109 m (acceptable range: anything between 5057 and 5161 m), 5109 m (acceptable range: anything between 5057 and 5161 m)
,Gamma Parallel Database System, Gamma Parallel Database System
,Sir Colin Halkett, Sir Colin Halkett
,Sulfanilamide (also know as para-aminobenzenesulfonamide), Sulfanilamide (also know as para-aminobenzenesulfonamide)
,The Tree, The Tree
,Samuel Buckle, Samuel Buckle
,4 years., 4 years.
,20 Jun 2005, 20 Jun 2005
,13 June 2004, 13 June 2004
,The New York Drawing Association, The New York Drawing Association
,The Little River, The Little River
,"Dallas, Texas"," Dallas, Texas"
,Harnek Mahal, Harnek Mahal
,Sony Alpha 1, Sony Alpha 1
,29 June 2022, 29 June 2022
,Knoedler, Knoedler
,Matthew Dubourg, Matthew Dubourg
,"The stadion, and the double race (Diaulos)."," The stadion, and the double race (Diaulos)."
,H. T. Habershon's evangelical Christian boarding school, H. T. Habershon's evangelical Christian boarding school
,2016, 2016
,airport baggage handler, airport baggage handler
,Lara Croft, Lara Croft
,Shinjuku, Shinjuku
,2007, 2007
,Fred Gordon, Fred Gordon
,17.2 meters (acceptable range: anything between 17.03 and 17.37 meters), 17.2 meters (acceptable range: anything between 17.03 and 17.37 meters)
,Sneaton, Sneaton
,Sts. Simon and Jude, Sts. Simon and Jude
,three, three
,Best, Best
,6, 6
,2010, 2010
,23 August 1945, 23 August 1945
,1270 mm (acceptable range: anything between 1257 and 1283 mm), 1270 mm (acceptable range: anything between 1257 and 1283 mm)
,405 x 480 cm (acceptable range: [400-409] x [475-485] cm), 405 x 480 cm (acceptable range: [400-409] x [475-485] cm)
,Joshna Chinappa, Joshna Chinappa
,Asahis, Asahis
,1992, 1992
,Moritz Jagendorf, Moritz Jagendorf
,Ryuhoku Elementary School., Ryuhoku Elementary School.
,1758, 1758
,Alamo, Alamo
,Shri A.Tombikanta Singh, Shri A.Tombikanta Singh
,"September 19, 1999"," September 19, 1999"
,1911 to 1959, 1911 to 1959
,Michael Pick, Michael Pick
,"Solution of the Two-dimensional Mixed-mixed Boundary Value Problem of Elasticity For Rectangular, Orthotropic Media And Application To The Buckling Of Sandwich Beams[1]"," Solution of the Two-dimensional Mixed-mixed Boundary Value Problem of Elasticity For Rectangular, Orthotropic Media And Application To The Buckling Of Sandwich Beams[1]"
,1912, 1912
,10, 10
,1988, 1988
,February 1942, February 1942
,1.0495 (acceptable range: anything between 1.04 and 1.06), 1.0495 (acceptable range: anything between 1.04 and 1.06)
,Whitehttps://www.sfgmc.org/blog/pride-flags#block-yui_3_17_2_1_1683145657332_180414, Whitehttps://www.sfgmc.org/blog/pride-flags#block-yui_3_17_2_1_1683145657332_180414
,20 x 56 in studs, 20 x 56 in studs
,"April 2, 2019"," April 2, 2019"
,Ida Barney, Ida Barney
,Herzberg, Herzberg
,3, 3
,18, 18
,1976, 1976
,"June 14, 1900"," June 14, 1900"
,Sebastian Kolowa, Sebastian Kolowa
,University of Illinois at Urbana–Champaign., University of Illinois at Urbana–Champaign.
,Jack Washington, Jack Washington
,Bar-Ilan University, Bar-Ilan University
,Australia, Australia
,Ardlings, Ardlings
,Marcelo Langieri, Marcelo Langieri
,Clarence van Riet Lowe, Clarence van Riet Lowe
,The School of Oriental and African Studies University of London, The School of Oriental and African Studies University of London
,"January 25, 1991"," January 25, 1991"
,08 July 2023, 08 July 2023
,20 May 1992, 20 May 1992
,29.1, 29.1
,The Mixers, The Mixers
,160 (acceptable range: anything between 158 and 162), 160 (acceptable range: anything between 158 and 162)
,Charles Alfred Maguire., Charles Alfred Maguire.
,Republican Party, Republican Party
,En Marche!, En Marche!
,12, 12
,chief justice of the Manipur High Court, chief justice of the Manipur High Court
,4, 4
,18.01, 18.01
,Liverpool 2 - 1 Leicester, Liverpool 2 - 1 Leicester
,Abu Ishaq al-Sahili., Abu Ishaq al-Sahili.
,2.61% (acceptable range: anything between 2.58% and 2.64%), 2.61% (acceptable range: anything between 2.58% and 2.64%)
,Platinum, Platinum
,Vivekanandapuri, Vivekanandapuri
,Thomas Kitson, Thomas Kitson
,Astron 2, Astron 2
,Olga Polverino, Olga Polverino
,09 November 2008, 09 November 2008
,Birendra Bir Bikram Shah Dev, Birendra Bir Bikram Shah Dev
,10 years, 10 years
,110.50 m (acceptable range: anything between 109.39 and 111.61 m), 110.50 m (acceptable range: anything between 109.39 and 111.61 m)
,DB11150, DB11150
,Poland, Poland
,Technische Universität Darmstadt, Technische Universität Darmstadt
,2013, 2013
,Sierra High School., Sierra High School.
,Oriental Cricket Club, Oriental Cricket Club
,J. E. H. Benoît, J. E. H. Benoît
,Pedra Branca, Pedra Branca
,"2,111,578 (acceptable range: anything between 2,006,000 and 2,217,157)"," 2,111,578 (acceptable range: anything between 2,006,000 and 2,217,157)"
,Nicole Arendt and Manon Bollegraf., Nicole Arendt and Manon Bollegraf.
,121 (acceptable range: anything between 119 and 123), 121 (acceptable range: anything between 119 and 123)
,1989, 1989
,1861, 1861
,1967, 1967
,Volvo FEI World Cup Final, Volvo FEI World Cup Final
,1975, 1975
,Saqib Majeed, Saqib Majeed
,LD-700, LD-700
,53rd minute (acceptable range: anything between 52nd and 54th minute), 53rd minute (acceptable range: anything between 52nd and 54th minute)
,Dave Garroway, Dave Garroway
,17.37.59, 17.37.59
,30 (acceptable range: anything between 29 and 31), 30 (acceptable range: anything between 29 and 31)
,41:18 (acceptable range: anything between 41:17 and 41:19), 41:18 (acceptable range: anything between 41:17 and 41:19)
,Giovanni Antonio Scopoli, Giovanni Antonio Scopoli
,1965, 1965
,Curchod, Curchod
,219 (acceptable range: anything between 216 and 222), 219 (acceptable range: anything between 216 and 222)
,1142 (acceptable range: anything between 1129 and 1154), 1142 (acceptable range: anything between 1129 and 1154)
,H. D. Kumaraswamy, H. D. Kumaraswamy
,"18th of April, 1954"," 18th of April, 1954"
,Mitsuaki Tanigawa, Mitsuaki Tanigawa
,"Bihar Pradesh (or ""Provincial"") Congress Committee"," Bihar Pradesh (or ""Provincial"") Congress Committee"
,66 votes, 66 votes
,55% (acceptable range: anything between 54% and 56%), 55% (acceptable range: anything between 54% and 56%)
,"August 19, 2006"," August 19, 2006"
,October 2023, October 2023
,Tatiana Zatulovskaya, Tatiana Zatulovskaya
,"October 17, 1946"," October 17, 1946"
,Lesley Langley, Lesley Langley
,Namibia 38 - 26 Emerging Italy, Namibia 38 - 26 Emerging Italy
,13 May 2004, 13 May 2004
,Saffron Cultivation, Saffron Cultivation
,Dora Altbir, Dora Altbir
,"August 14, 1996"," August 14, 1996"
,Papua New Guinea and Indonesia, Papua New Guinea and Indonesia
,New York University, New York University
,2, 2
,28983 (acceptable range: anything between 27533 and 30433), 28983 (acceptable range: anything between 27533 and 30433)
,"""For Emily, Whenever I May Find Her"""," ""For Emily, Whenever I May Find Her"""
,Coenraad Jacob Temminck, Coenraad Jacob Temminck
,Don't Look, Don't Look
,12 April 1956, 12 April 1956
,The Palazzo della Cancelleria, The Palazzo della Cancelleria
,February 1993, February 1993
,University of Southern California., University of Southern California.
,Gul Shah, Gul Shah
,2013, 2013
,Joan Berkowitz, Joan Berkowitz
,"1/4,000 sec"," 1/4,000 sec"
,30 July 1958, 30 July 1958
,Agriculture and Forestry University, Agriculture and Forestry University
,1881, 1881
,2012, 2012
,M. Chinnaswamy Stadium, M. Chinnaswamy Stadium
,Kathy Kusner, Kathy Kusner
,35 Downshire Hill, 35 Downshire Hill
,Miriam Kastner, Miriam Kastner
,Graskop, Graskop
,RheinEnergieStadion, RheinEnergieStadion
,January 2021, January 2021
,2013, 2013
,Wutip, Wutip
,1970, 1970
,1914, 1914
,Benjamin Bullard, Benjamin Bullard
,v0.4.0, v0.4.0
,6, 6
,2, 2
,Minister of Energy in Ghana, Minister of Energy in Ghana
,Ovidiu Savin, Ovidiu Savin
,September 1989, September 1989
,1935, 1935
,1936, 1936
,13.44 m (acceptable range: anything between 13.30 and 13.58 m), 13.44 m (acceptable range: anything between 13.30 and 13.58 m)
,There's a hero (if you look inside your heart), There's a hero (if you look inside your heart)
,Jimmy Hughes, Jimmy Hughes
,v1.3-rc8, v1.3-rc8
,Mindgrove, Mindgrove
,John Bennett, John Bennett
,9th, 9th
,2618 (acceptable range: anything between 2591 and 2645), 2618 (acceptable range: anything between 2591 and 2645)
,Scab, Scab
,Sachin Tendulkar, Sachin Tendulkar
,221 (acceptable range: anything between 218 and 224), 221 (acceptable range: anything between 218 and 224)
,Ganges-Yamuna Doab, Ganges-Yamuna Doab
,Padma Kanya Campus, Padma Kanya Campus
,Rajindar Singh Dhatt, Rajindar Singh Dhatt
,Patrick Henry High School, Patrick Henry High School
,2, 2
,"January 13, 1559"," January 13, 1559"
,Sri Prakasa, Sri Prakasa
,Lovedale High School, Lovedale High School
,08-1981, 08-1981
,1, 1
,4, 4
,Patricia Bernstein, Patricia Bernstein
,Ashley Payne, Ashley Payne
,My Snowboarding Skillz, My Snowboarding Skillz
,Jalisco, Jalisco
,Citizen X8 Titanium Chronometer, Citizen X8 Titanium Chronometer
,Marcel Sabourin, Marcel Sabourin
,Wishbone Records, Wishbone Records
,Olga Kharlan - Kim Ji-yeon: 15–14, Olga Kharlan - Kim Ji-yeon: 15–14
,Japan, Japan
,1999, 1999
,Ahaetulla anomala, Ahaetulla anomala
,National Academy of Design, National Academy of Design
,Red / Auburn, Red / Auburn
,1565 (acceptable range: anything between 1549 and 1581), 1565 (acceptable range: anything between 1549 and 1581)
,1997, 1997
,"€4,000"," €4,000"
,27, 27
,Larrousse, Larrousse
,Artificial Intelligence, Artificial Intelligence
,121 (acceptable range: anything between 119 and 123), 121 (acceptable range: anything between 119 and 123)
,Rajouri, Rajouri
,1945, 1945
,Adil Hussain, Adil Hussain
,IIT (BHU), IIT (BHU)
,Michael Todd Robinson Jr., Michael Todd Robinson Jr.
,"70,435 spectators (acceptable range: anything between 66,913 and 74,017 spectators)"," 70,435 spectators (acceptable range: anything between 66,913 and 74,017 spectators)"
,Louis Kievman, Louis Kievman
,Music to the poetry of Ntinos Christianopoulos, Music to the poetry of Ntinos Christianopoulos
,1947, 1947
,1985, 1985
,Beji Caid Essebsi, Beji Caid Essebsi
,Marcelo Viana, Marcelo Viana
,5000 (acceptable range: anything between 4950 and 5050 meters above sea level), 5000 (acceptable range: anything between 4950 and 5050 meters above sea level)
,3:11:22 (acceptable range: anything between 3:11:21 and 3:11:23), 3:11:22 (acceptable range: anything between 3:11:21 and 3:11:23)
,Linville River, Linville River
,Jesse Johnson, Jesse Johnson
,Ghulam Ishaq Khan, Ghulam Ishaq Khan
,Arlan Lerio, Arlan Lerio
,41, 41
,Eugène-Étienne Taché, Eugène-Étienne Taché
,Arjun Rajiv, Arjun Rajiv
,1960, 1960
,A crab and Heracles, A crab and Heracles
,Dušan Lajović, Dušan Lajović
,"10 August, 2023"," 10 August, 2023"
,January 2021, January 2021
,Pallas, Pallas
,July 2022, July 2022
,1966, 1966
,25 April 2001, 25 April 2001
,Bishkek, Bishkek
,Brazilian rosewood, Brazilian rosewood
,Princeton University, Princeton University
,Takumi Minamino, Takumi Minamino
,1958, 1958
,3, 3
,The Sun, The Sun
,"December 9, 1974"," December 9, 1974"
,Mechanical Engineering, Mechanical Engineering
,77 (acceptable range: anything between 76 and 78), 77 (acceptable range: anything between 76 and 78)
,23 April 2021, 23 April 2021
,Manhattan, Manhattan
,2008, 2008
,1618, 1618
,"June 18, 2022"," June 18, 2022"
,550 hp (acceptable range: anything between 544 and 556 hp), 550 hp (acceptable range: anything between 544 and 556 hp)
,1985, 1985
,15 July 1990, 15 July 1990
,Michael Waterman, Michael Waterman
,34, 34
,The Psychedelic Review, The Psychedelic Review
,da Vinci Arts Middle School, da Vinci Arts Middle School
,Busbie Castle, Busbie Castle
,Version 3.2.6827 (aka 3.2.6760), Version 3.2.6827 (aka 3.2.6760)
,Hans Bohn, Hans Bohn
,Waco, Waco
,37, 37
,91 Aegina, 91 Aegina
,John Matoian, John Matoian
,Southport Island, Southport Island
,sun's rays, sun's rays
,2011, 2011
,Kabon, Kabon
,1469 Church Street NW, 1469 Church Street NW
,1880, 1880
,Kimberley, Kimberley
,Checkmate Strategies, Checkmate Strategies
,Indemnities, Indemnities
,Bede Cottage, Bede Cottage
,2015, 2015
,48, 48
,Fleur d’ajonc, Fleur d’ajonc
,Harvard, Harvard
,4, 4
,107, 107
,8, 8
,ROC, ROC
,11, 11
,Caius Gabriel Cibber, Caius Gabriel Cibber
,1994-033A, 1994-033A
,KRBB, KRBB
,Patrice Émery Lumumba, Patrice Émery Lumumba
,December 1972, December 1972
,Carol S. Wood, Carol S. Wood
,1998, 1998
,3, 3
,Kitagawa, Kitagawa
,3, 3
,slavery, slavery
,Northeastern University, Northeastern University
,"3,342.49 (acceptable range: anything between 3309.07 and 3375.91 square kilometers)"," 3,342.49 (acceptable range: anything between 3309.07 and 3375.91 square kilometers)"
,4, 4
,Niloufar Bayan, Niloufar Bayan
,Mrs. Rup SP Singh, Mrs. Rup SP Singh
,2021, 2021
,University of Wisconsin, University of Wisconsin
,1948, 1948
,kunekune, kunekune
,Sarah Lovejoy, Sarah Lovejoy
,Mizoram, Mizoram
,2000, 2000
,34, 34
,Silk factory., Silk factory.
,"July, 1972"," July, 1972"
,Charles Jacobs, Charles Jacobs
,"""I Want to Hold Your Hand"""," ""I Want to Hold Your Hand"""
,Valentine, Valentine
,"October 28, 2021."," October 28, 2021."
,"July 8, 1926"," July 8, 1926"
,The Anatomy of the Tongue in Cheek, The Anatomy of the Tongue in Cheek
,Lloyd Hopkins Field, Lloyd Hopkins Field
,"October 16, 2002"," October 16, 2002"
,"March 16, 2010"," March 16, 2010"
,Teatro Lyrico Fluminense, Teatro Lyrico Fluminense
,"Bolzano, Italy"," Bolzano, Italy"
,Lal Mandi Footbridge, Lal Mandi Footbridge
,"4,000 acres (acceptable range: anything between 3960 and 4040 acres)"," 4,000 acres (acceptable range: anything between 3960 and 4040 acres)"
,"October 19, 2009"," October 19, 2009"
,Zanele Muholi: African Women Photographers #1, Zanele Muholi: African Women Photographers #1
,Hermogenes, Hermogenes
,1546, 1546
,Berlin City World Youth Festival, Berlin City World Youth Festival
,1946, 1946
,5q14.1, 5q14.1
,"December 6, 2016"," December 6, 2016"
,1 November 2009, 1 November 2009
,Zari., Zari.
,Johnny Bravo, Johnny Bravo
,ValPaL (Valency Patterns Leipzig) database, ValPaL (Valency Patterns Leipzig) database
,25 October 1884, 25 October 1884
,1998, 1998
,50.16 (acceptable range: anything between 49.65 and 50.67), 50.16 (acceptable range: anything between 49.65 and 50.67)
,Two, Two
,"May 19, 2009"," May 19, 2009"
,3, 3
,Nicholas Pirotton, Nicholas Pirotton
,2019, 2019
,Nyeri High School, Nyeri High School
,"1 year, 161 days (acceptable range: 1 year, anything between 160 and 162 days)"," 1 year, 161 days (acceptable range: 1 year, anything between 160 and 162 days)"
,Erik Willis, Erik Willis
,1213 (acceptable range: anything between 1199 and 1226), 1213 (acceptable range: anything between 1199 and 1226)
,James Brewster, James Brewster
,Henry Cheere, Henry Cheere
,64, 64
,"October 4, 1921"," October 4, 1921"
,SH 5A, SH 5A
,1913, 1913
,Germany and Italy, Germany and Italy
,Stratigraphy of the Hamilton Group of New York, Stratigraphy of the Hamilton Group of New York
,128th, 128th
,4.86 m (acceptable range: anything between 4.81 and 4.91 m), 4.86 m (acceptable range: anything between 4.81 and 4.91 m)
,Caridea, Caridea
,"April 23, 1942"," April 23, 1942"
,"May 28, 1964"," May 28, 1964"
,James Albery's Pink Dominoes, James Albery's Pink Dominoes
,17th September 2021, 17th September 2021
,4 September 1282, 4 September 1282
,BenJamin P. Johnson, BenJamin P. Johnson
,Tennessee, Tennessee
,2018, 2018
,The Shell Ultra Helix Cup., The Shell Ultra Helix Cup.
,9, 9
,2, 2
,The Snake, The Snake
,Fleury-Mérogis Prison, Fleury-Mérogis Prison
,Juniata College, Juniata College
,1978, 1978
,Mingus Ulysses Mapps, Mingus Ulysses Mapps
,Massimiliano Soldani-Benzi, Massimiliano Soldani-Benzi
,Pearsall High School, Pearsall High School
,C, C
,Bristol, Bristol
,50 Yeas and 49 Nays, 50 Yeas and 49 Nays
,Chicago Symphony Orchestra, Chicago Symphony Orchestra
,56.70% (acceptable range: anything between 56.13% and 57.27%), 56.70% (acceptable range: anything between 56.13% and 57.27%)
,Tricot line, Tricot line
,Winter, Winter
,Swami Vivekananda Planetarium, Swami Vivekananda Planetarium
,Gabashane Vincent Rakabaele, Gabashane Vincent Rakabaele
,Léon Gambetta, Léon Gambetta
,Glen Cove Hospital, Glen Cove Hospital
,105 km (acceptable range: anything between 103 and 107 km), 105 km (acceptable range: anything between 103 and 107 km)
,August 2011, August 2011
,3, 3
,263 (acceptable range: anything between 259 and 266), 263 (acceptable range: anything between 259 and 266)
,6.9 millimetres (acceptable range: anything between 6.83 and 6.97 millimetres), 6.9 millimetres (acceptable range: anything between 6.83 and 6.97 millimetres)
,2010-2013, 2010-2013
,Jugnu, Jugnu
,Manishi Dey, Manishi Dey
,1985, 1985
,"Tuberculosis (then know as ""Consumption"")"," Tuberculosis (then know as ""Consumption"")"
,175 (acceptable range: anything between 173 and 177), 175 (acceptable range: anything between 173 and 177)
,31 July 1974, 31 July 1974
,Stoke Ladies, Stoke Ladies
,Providence, Providence
,Titian Gallery, Titian Gallery
,July 2015, July 2015
,A sword, A sword
,Al-Zabadani, Al-Zabadani
,"April, 2008"," April, 2008"
,27 x 40 inches (acceptable range: [26-28] x [39-41] inches), 27 x 40 inches (acceptable range: [26-28] x [39-41] inches)
,Helmut Lang: new work, Helmut Lang: new work
,1975, 1975
,8, 8
,18, 18
,"May 17, 2022"," May 17, 2022"
,Diamond Jim, Diamond Jim
,137 (acceptable range: anything between 135 and 139), 137 (acceptable range: anything between 135 and 139)
,"A, B, C♯, D, E, F (or E♯), F♯, G♯"," A, B, C♯, D, E, F (or E♯), F♯, G♯"
,Meenakshi Balakrishnan, Meenakshi Balakrishnan
,Carlos Adolfo Altgelt and Hans Altgelt, Carlos Adolfo Altgelt and Hans Altgelt
,"Loyola University, New Orleans"," Loyola University, New Orleans"
,"August 24, 1965"," August 24, 1965"
,Gilgit, Gilgit
,Stephan von Breuning, Stephan von Breuning
,Damir Dzumhur, Damir Dzumhur
,Gordon McGowan, Gordon McGowan
,Leyden University, Leyden University
,Turdus, Turdus
,14 September 2011, 14 September 2011
,4 December 2001, 4 December 2001
,165, 165
,1 km, 1 km
,John Strahan French, John Strahan French
,The Problem We All Live With, The Problem We All Live With
,200 (acceptable range: anything between 198 and 202), 200 (acceptable range: anything between 198 and 202)
,4.5/13, 4.5/13
,Catherine Gurick, Catherine Gurick
,"9, September 2016"," 9, September 2016"
,22, 22
,"November 9, 1990"," November 9, 1990"
,Hibiya Open-Air Concert Hall, Hibiya Open-Air Concert Hall
,Leslie Wigglesworth, Leslie Wigglesworth
,Gabriel Oddone, Gabriel Oddone
,Maternal uncle., Maternal uncle.
,Cuba, Cuba
,20 May 1986, 20 May 1986
,22 March, 22 March
,10, 10
,Harvard College Observatory, Harvard College Observatory
,One and Others, One and Others
,18 August 1957, 18 August 1957
,Universidad de los Andes, Universidad de los Andes
,Roger Pfund, Roger Pfund
,Minister of Public Works, Minister of Public Works
,University of Gdańsk, University of Gdańsk
,"516,100 dollars"," 516,100 dollars"
,41, 41
,3, 3
,5, 5
,1955, 1955
,"20, January 1978"," 20, January 1978"
,2, 2
,"August 26, 2002 – May 22, 2004"," August 26, 2002 – May 22, 2004"
,Hudson, Hudson
,5 April 2011, 5 April 2011
,Donald Cripps, Donald Cripps
,Pikaia Lodge, Pikaia Lodge
,"September 10, 2015"," September 10, 2015"
,Lions and Waratahs, Lions and Waratahs
,Blades in the Dark, Blades in the Dark
,2022, 2022
,1981, 1981
,Elective Governor Act, Elective Governor Act
,Kerem Beyit, Kerem Beyit
,31 King Street East, 31 King Street East
,Prince Albert., Prince Albert.
,2008, 2008
,"Concord, Massachusetts"," Concord, Massachusetts"
,1872, 1872
,July 1944, July 1944
,IMPHAL, IMPHAL
,The Jean Thomson Collection of Original Art, The Jean Thomson Collection of Original Art
,Jerome of Saxton., Jerome of Saxton.
,Himachal Pradesh, Himachal Pradesh
,1858, 1858
,12.27 (acceptable range: anything between 12.14 and 12.89), 12.27 (acceptable range: anything between 12.14 and 12.89)
,126 Velleda, 126 Velleda
,Pneumonia, Pneumonia
,3, 3
,1891, 1891
,180caf23dd71383921e368128fb6db52, 180caf23dd71383921e368128fb6db52
,1962, 1962
,1925, 1925
,223, 223
,4551 (acceptable range: anything between 4505 and 4597), 4551 (acceptable range: anything between 4505 and 4597)
,61, 61
,26 October 2021, 26 October 2021
,Awake from Mourning, Awake from Mourning
,Viștea Mare, Viștea Mare
,Monthey, Monthey
,Katharine B. Blodgett, Katharine B. Blodgett
,21 January 1973, 21 January 1973
,98 (acceptable range: anything between 97 and 99), 98 (acceptable range: anything between 97 and 99)
,1930, 1930
,Aldo Carlos Neri, Aldo Carlos Neri
,"Newport Beach, California"," Newport Beach, California"
,Christof Theißen, Christof Theißen
,The Philadelphia Eagles, The Philadelphia Eagles
,"subjective,  psychological,  performance and physiological  methods"," subjective,  psychological,  performance and physiological  methods"
,Matthew McClurkin, Matthew McClurkin
,July 2018, July 2018
,1480 English guineas (acceptable range: anything between 1465 and 1495 English guineas), 1480 English guineas (acceptable range: anything between 1465 and 1495 English guineas)
,42.75 (acceptable range: anything between 42.32 and 43.18 hectares), 42.75 (acceptable range: anything between 42.32 and 43.18 hectares)
,Syracuse University, Syracuse University
,platinum, platinum
,Andrea Lang Gurka, Andrea Lang Gurka
,"Walter Gustave ""Gus"" Haenschen"," Walter Gustave ""Gus"" Haenschen"
,ド・キ・ド・キ☆モーニング[ Doki Doki☆Morning ] by BABYMETAL, ド・キ・ド・キ☆モーニング[ Doki Doki☆Morning ] by BABYMETAL
,Laysongs, Laysongs
,26 December 1999, 26 December 1999
,9 January 2012, 9 January 2012
,Washington High School., Washington High School.
,To make this clime a land of righteousness, To make this clime a land of righteousness
,"20,775 millimeters (acceptable range: anything between 19,736 and 21,814 millimeters)"," 20,775 millimeters (acceptable range: anything between 19,736 and 21,814 millimeters)"
,"40,000 dollars (acceptable range: anything between 38,000 and 42,000 dollars)"," 40,000 dollars (acceptable range: anything between 38,000 and 42,000 dollars)"
,583 (acceptable range: anything between 577 and 589), 583 (acceptable range: anything between 577 and 589)
,Dr Arnavaz Havewalla, Dr Arnavaz Havewalla
,Kathleen Mitchell Elementary School, Kathleen Mitchell Elementary School
,1819, 1819
,1961, 1961
,"St Aidan's Church, Blackhill, Consett"," St Aidan's Church, Blackhill, Consett"
,Second, Second
,George Washington University, George Washington University
,Gliese 367 b, Gliese 367 b
,Iris Litt, Iris Litt
,Robert Graham, Robert Graham
,Juan Pablo Guzmán Perdomo, Juan Pablo Guzmán Perdomo
,Theology, Theology
,Edwin White, Edwin White
,Peter Davis., Peter Davis.
,A. W. Skempton, A. W. Skempton
,60 livres (acceptable range: anything between 58 and 62 livres), 60 livres (acceptable range: anything between 58 and 62 livres)
,1977, 1977
,His pet chicken Myrtle, His pet chicken Myrtle
,Los Feliz Grammar School., Los Feliz Grammar School.
,Willa Collar, Willa Collar
,Cornelius Holmboe, Cornelius Holmboe
,2, 2
,107, 107
,Jose Albano Fragosa, Jose Albano Fragosa
,December 1991, December 1991
,Kashmiri, Kashmiri
,Walhonding River, Walhonding River
,Lilian Gentry, Lilian Gentry
,Marusudar River, Marusudar River
,Shangri-La, Shangri-La
,638 (acceptable range: anything between 631 and 645), 638 (acceptable range: anything between 631 and 645)
,Loxodonta cyclotis, Loxodonta cyclotis
,8, 8
,Fucking Money Man, Fucking Money Man
,Brooklyn Superbas, Brooklyn Superbas
,Brenda Fassie, Brenda Fassie
,Miranda., Miranda.
,Dick Oram, Dick Oram
,Slovácko, Slovácko
,The Republic of Colombia, The Republic of Colombia
,"Karachi, Pakistan"," Karachi, Pakistan"
,1950, 1950
,Takao Kondo, Takao Kondo
,88, 88
,Manhattan, Manhattan
,10 July 2010, 10 July 2010
,1, 1
,College of Lore, College of Lore
,"April 1, 1994"," April 1, 1994"
,Mario José Echandi Jiménez, Mario José Echandi Jiménez
,2010, 2010
,June 2022, June 2022
,In the shipbuilding industry., In the shipbuilding industry.
,31YO63LBSN, 31YO63LBSN
,C29H23F6N5O3, C29H23F6N5O3
,Chicagoland Speedway, Chicagoland Speedway
,1991, 1991
,30 June 2007, 30 June 2007
,114 (acceptable range: anything between 113 and 115), 114 (acceptable range: anything between 113 and 115)
,1941, 1941
,Raytheon Blackbird Technologies, Raytheon Blackbird Technologies
,F Major, F Major
,11.53% (acceptable range: anything between 11.41% and 11.65%), 11.53% (acceptable range: anything between 11.41% and 11.65%)
,5 January 1939, 5 January 1939
,Long Good Bye, Long Good Bye
,76 (acceptable range: anything between 75 and 77), 76 (acceptable range: anything between 75 and 77)
,Malaysia, Malaysia
,Hyacinths, Hyacinths
,Boys' Life, Boys' Life
,Daya Ram Thapar, Daya Ram Thapar
,St David., St David.
,900 (acceptable range: anything between 891 and 909), 900 (acceptable range: anything between 891 and 909)
,2, 2
,"2,024"," 2,024"
,"July 9, 2021"," July 9, 2021"
,1889, 1889
,2010, 2010
,51049968, 51049968
,Ferozepur Nallah, Ferozepur Nallah
,Eisenhower, Eisenhower
,New Zealand, New Zealand
,Dr. Debendra Nath Ray, Dr. Debendra Nath Ray
,The Subregular Germ of Orbital Integrals, The Subregular Germ of Orbital Integrals
,Beatrice, Beatrice
,Jahrom, Jahrom
,"""The First"""," ""The First"""
,Arthur Charles Hardy, Arthur Charles Hardy
,Baptist, Baptist
,1865, 1865
,Wallace Morgan, Wallace Morgan
,"Table Mountain, South Africa"," Table Mountain, South Africa"
,Colonel Sir Oliver St John, Colonel Sir Oliver St John
,James Fowler, James Fowler
,12 February 2007, 12 February 2007
,Effect of chemical combination on x-ray emission spectrum, Effect of chemical combination on x-ray emission spectrum
,"April 28, 1969"," April 28, 1969"
,Indus River, Indus River
,Jeong Han Kim, Jeong Han Kim
,10 years 3 months (acceptable range: 10 years and between 2-4 months), 10 years 3 months (acceptable range: 10 years and between 2-4 months)
,2003, 2003
,2008, 2008
,827 seats (acceptable range: anything between 818 and 836 seats), 827 seats (acceptable range: anything between 818 and 836 seats)
,Nelson Oduber, Nelson Oduber
,27 April 2014, 27 April 2014
,Marais Viljoen, Marais Viljoen
,1863, 1863
,#9, #9
,3, 3
,J. Melville Broughton, J. Melville Broughton
,The lieutenant governorship of Ontario, The lieutenant governorship of Ontario
,William John Swainson, William John Swainson
,Shun'ichi Amari, Shun'ichi Amari
,Interstate 694, Interstate 694
,Chris Brown, Chris Brown
,Bettino Ricasoli, Bettino Ricasoli
,Byturus tomentosus, Byturus tomentosus
,2020, 2020
,Sam Haft, Sam Haft
,"Painting, music, and poetry."," Painting, music, and poetry."
,"""Auf dem Kreuzzug ins Glück"""," ""Auf dem Kreuzzug ins Glück"""
," Rovinj, Croatia (formerly Rovigno, Italy)","  Rovinj, Croatia (formerly Rovigno, Italy)"
,2, 2
,Orange County High School, Orange County High School
,Sindh Sagar Doab, Sindh Sagar Doab
,The Order of Excellence of Guyana., The Order of Excellence of Guyana.
,Nabaruma, Nabaruma
,Lake Mead, Lake Mead
,Delhi, Delhi
,James Buchanan, James Buchanan
,aral1243, aral1243
,Alfred Carlton Gilbert, Alfred Carlton Gilbert
,Zofia Emilia Kielan-Jaworowska, Zofia Emilia Kielan-Jaworowska
,23 March 1998, 23 March 1998
,"February 18, 1907"," February 18, 1907"
,1838, 1838
,"FNB Stadium(Soccer City), Cape Town Stadium, Nelson Mandela Bay Stadium"," FNB Stadium(Soccer City), Cape Town Stadium, Nelson Mandela Bay Stadium"
,A Play of Selves, A Play of Selves
,Anabolic Beatz., Anabolic Beatz.
,North Carolina State University, North Carolina State University
,218 (acceptable range: anything between 215 and 221), 218 (acceptable range: anything between 215 and 221)
,Fire Walker, Fire Walker
,Prem Lal Singh, Prem Lal Singh
,1660, 1660
,St. Anthony's High School, St. Anthony's High School
,Scopula modicaria, Scopula modicaria
,7034, 7034
,43rd., 43rd.
,Jerez Zoo, Jerez Zoo
,Cheltenham Grammar School, Cheltenham Grammar School
,3, 3
,34 (acceptable range: anything between 33 and 35), 34 (acceptable range: anything between 33 and 35)
,Patna University, Patna University
,1697, 1697
,South Orange Little League, South Orange Little League
,Ahmedabad, Ahmedabad
,1970, 1970
,Liverpool FC, Liverpool FC
,February 1806, February 1806
,Imponderabilia, Imponderabilia
,Barsebäck Golf & Country Club, Barsebäck Golf & Country Club
,2013, 2013
,April 2021, April 2021
,1915, 1915
,1949, 1949
,"University of Lund, Sweden 
Chinese Culture University in Taipe"," University of Lund, Sweden 
Chinese Culture University in Taipe"
,5, 5
,Wynne Neilly, Wynne Neilly
,John Perry, John Perry
,"Kingston, Ontario"," Kingston, Ontario"
,2, 2
,7, 7
,£20, £20
,California, California
,Hypnos, Hypnos
,S.S. #5 Newbliss School., S.S. #5 Newbliss School.
,University of Pretoria, University of Pretoria
,0, 0
,1.8 hours (acceptable range: anything between 1.78 and 1.82 hours), 1.8 hours (acceptable range: anything between 1.78 and 1.82 hours)
,Perla Tabares Hantman, Perla Tabares Hantman
,The Day After, The Day After
,"Randolph, Orange County"," Randolph, Orange County"
,Elvavrålet, Elvavrålet
,C9LVQ0YUXG, C9LVQ0YUXG
,Paris Electric Light Company, Paris Electric Light Company
,Manetue, Manetue
,September Room, September Room
,Abasa 80., Abasa 80.
,30 kilometers (acceptable range: anything between 29 and 31 kilometers), 30 kilometers (acceptable range: anything between 29 and 31 kilometers)
,Little Caesar and the Consuls, Little Caesar and the Consuls
,1, 1
,The Bing Crosby – Chesterfield Show, The Bing Crosby – Chesterfield Show
,Cyprus Clark Lathrop, Cyprus Clark Lathrop
,65W (acceptable range: anything between 64W and 66W), 65W (acceptable range: anything between 64W and 66W)
,BC-1001, BC-1001
,₹55.10 crores and liabilities are worth ₹7.95 crores (acceptable range: ₹54.54-₹55.66 crores and ₹7.87-₹8.03 crores), ₹55.10 crores and liabilities are worth ₹7.95 crores (acceptable range: ₹54.54-₹55.66 crores and ₹7.87-₹8.03 crores)
,2013, 2013
,The Century Magazine, The Century Magazine
,200 (acceptable range: anything between 198 and 202), 200 (acceptable range: anything between 198 and 202)
,4000 (acceptable range: anything between 3960 and 4040), 4000 (acceptable range: anything between 3960 and 4040)
,St. Charles Borromeo, St. Charles Borromeo
,89 minutes (acceptable range: anything between 88 and 90 minutes), 89 minutes (acceptable range: anything between 88 and 90 minutes)
,Kotsuage, Kotsuage
,6, 6
,1887, 1887
,Team Quebec, Team Quebec
,Ali Barbash, Ali Barbash
,"""Why Do They Call Me Mr. Happy?"""," ""Why Do They Call Me Mr. Happy?"""
,Dadabhai Naoroji, Dadabhai Naoroji
,August 2019, August 2019
,Boronia ramosa, Boronia ramosa
,"August 9, 2019"," August 9, 2019"
,Bihar, Bihar
,2, 2
,American Journal of Hospital Pharmacy, American Journal of Hospital Pharmacy
,e5, e5
,205 (acceptable range: anything between 202 and 208), 205 (acceptable range: anything between 202 and 208)
,6229 °F (acceptable range: anything between 6166 and 6292 °F), 6229 °F (acceptable range: anything between 6166 and 6292 °F)
,2021, 2021
,5 November 2002, 5 November 2002
,"Jakarta, Indonesia"," Jakarta, Indonesia"
,18 November 2012, 18 November 2012
,Vennesla, Vennesla
,1972, 1972
,1, 1
,Evelyn Mantilla, Evelyn Mantilla
,4, 4
,1996, 1996
,"74,500 km2 (acceptable range: anything between 70,775 and 78,225 km2)"," 74,500 km2 (acceptable range: anything between 70,775 and 78,225 km2)"
,24 May 1984, 24 May 1984
,2 May 2012, 2 May 2012
,Bopasenatla Secondary School, Bopasenatla Secondary School
,Vacoas and Phoenix, Vacoas and Phoenix
,3, 3
,Innocent X, Innocent X
,Fêtes de Genève, Fêtes de Genève
,Pathankot, Pathankot
,Jackie Kennedy, Jackie Kennedy
,1992, 1992
,Kathua, Kathua
,Leopard, Leopard
,2008, 2008
,1997, 1997
,6th, 6th
,"Toronto, Canada"," Toronto, Canada"
,CR2025, CR2025
,John Lewis, John Lewis
,Yusuf Meherally, Yusuf Meherally
,NTT DoCoMo, NTT DoCoMo
,Zero Cycles and K-theory on normal surfaces, Zero Cycles and K-theory on normal surfaces
,71, 71
,"Arlington, Virginia"," Arlington, Virginia"
,Stone's Corner, Stone's Corner
,13.03% (acceptable range: anything between 12.90 and 13.16%), 13.03% (acceptable range: anything between 12.90 and 13.16%)
,"Second Empire (also know as ""French Empire"" or ""2nd Empire/Italianate"")"," Second Empire (also know as ""French Empire"" or ""2nd Empire/Italianate"")"
,Poliuto, Poliuto
,"Trinity College, Cambridge"," Trinity College, Cambridge"
,Crystal of Zed, Crystal of Zed
,In Berlin., In Berlin.
,"Bloomington, Indiana"," Bloomington, Indiana"
,February 1973, February 1973
,1435 m (acceptable range: anything between 1420 and 1450 m), 1435 m (acceptable range: anything between 1420 and 1450 m)
,Mari Lloyd-Williams, Mari Lloyd-Williams
,The Bunka Fashion College, The Bunka Fashion College
,"American Cancer Society, the American Public Health Association, the American Heart Association, and the National Tuberculosis Association"," American Cancer Society, the American Public Health Association, the American Heart Association, and the National Tuberculosis Association"
,François de Malherbe., François de Malherbe.
,Mandlesizwe Zulu, Mandlesizwe Zulu
,Los Angeles, Los Angeles
,1376 (acceptable range: anything between 1362 and 1390), 1376 (acceptable range: anything between 1362 and 1390)
,LAGRANGE, LAGRANGE
,Stone, Stone
,University of Belgrade, University of Belgrade
,3571948, 3571948
,Paul Haugen, Paul Haugen
,29 May 1990, 29 May 1990
,"359,083 (acceptable range: anything between 341,128 and 377,038)"," 359,083 (acceptable range: anything between 341,128 and 377,038)"
,28 July 2021, 28 July 2021
,Shemar Moore, Shemar Moore
,"Frankfurt, Germany."," Frankfurt, Germany."
,1.65 million USD (acceptable range: anything between 1.6 million and 1.7 million USD), 1.65 million USD (acceptable range: anything between 1.6 million and 1.7 million USD)
,Jim Rhodes, Jim Rhodes
,Emery Reeves, Emery Reeves
,Karl Thomas Mozart., Karl Thomas Mozart.
,Babyface and Jon-John, Babyface and Jon-John
,Gabrielle Coco Chanel, Gabrielle Coco Chanel
,The Two Fridas., The Two Fridas.
,Chickering Scientific and Classical Institute, Chickering Scientific and Classical Institute
,100 MHz (acceptable range: anything between 99 and 101 MHz), 100 MHz (acceptable range: anything between 99 and 101 MHz)
,September 1993, September 1993
,2006, 2006
,Lucy Suchman, Lucy Suchman
,"""Miss Annabel Lee"""," ""Miss Annabel Lee"""
,Dudhganga, Dudhganga
,"$250,000"," $250,000"
,4, 4
,1880, 1880
,November 2023, November 2023
,George Melly, George Melly
,Stella Rimington, Stella Rimington
,Apothecary, Apothecary
,James B. Patterson, James B. Patterson
